id,title,company_name,location,zipcode
2718722753,Data Analyst,Tesla,"Fremont, CA",94536
2751974802,Data Analyst,Intel Corporation,"Santa Clara, CA",95050
2751959534,Data Analyst III,Walmart,"Sunnyvale, CA",94085
2714056502,Data Analyst - TikTok US - Tech Services,TikTok,"Mountain View, CA",94040
2739427615,Data Analyst,Stanford University,"Stanford, CA",94305
2748403826,"Data Analyst, Design Technology",Tesla,"Palo Alto, CA",94301
2726826360,Data Analyst – Quality Systems & Data Science,Tesla,"Fremont, CA",94536
2708106292,Business Data Analyst,Intuit,"Mountain View, CA",94040
2738962176,Data Analyst,Stanford University School of Medicine,"Palo Alto, CA",94301
2740548101,Associate Data Analyst,Study.com,"Mountain View, CA",94040
2748401538,Staff Data Analyst - Product Analytics,Walmart,"Sunnyvale, CA",94085
2756547585,Data Analyst,Collabera Inc.,"Mountain View, CA",94040
2748486678,(USA) Staff Data Analyst,Walmart,"Sunnyvale, CA",94085
2763293301,Data Analyst,Collabera Inc.,"Mountain View, CA",94040
2751778457,Data Analyst,HealthTap,"Mountain View, CA",94040
2719347971,Data Analyst- Field Reliability,Tesla,"Palo Alto, CA",94301
2760973932,Data Analyst,ICONMA,"Redwood City, CA",94061
2724457842,"Data Analyst, Manufacturing Quality",Tesla,"Fremont, CA",94536
2748136228,Data Analyst,Driven Brands Inc.,San Francisco Bay Area,94101
2726821884,Data Analyst – Manufacturing Quality,Tesla,"Fremont, CA",94536
2737570850,Data Analyst,Stockpile,"Palo Alto, CA",94301
2723803345,Data Analyst,TripActions,"Palo Alto, CA",94301
2715155951,Data Analyst,Community Health Center Network,"San Leandro, CA",94577
2741559527,Data Analyst,Valdera,San Francisco Bay Area,94101
2722235787,Data Analyst,cisco.com,"San Jose, CA",95101
2699268390,Consulting Data Analyst,Kaiser Permanente,"Santa Clara, CA",95050
2724923132,Consulting Data Analyst,Kaiser Permanente,"Santa Clara, CA",95050
2747793868,Data Analyst III - Cart and Checkout,Walmart,"Sunnyvale, CA",94085
2733218195,Data Analyst,Social Media,"Menlo Park, CA",94025
2756457097,Data Analyst,Epic for Kids,"Redwood City, CA",94061
2726873102,Data Analyst,SmartNews,San Francisco Bay Area,94101
2747799363,Senior Data Analyst,Walmart,"Sunnyvale, CA",94085
2750538161,Data Analyst,TIMBER,"San Jose, CA",95101
2750544897,Data Analyst,Barracuda,"Campbell, CA",95008
2724447819,"Data Analyst, User Growth - TikTok US - Tech Services",TikTok,"Mountain View, CA",94040
2723582022,Data Entry Analyst,Kelly,"Sunnyvale, CA",94085
2751957789,Senior Data Analyst,Walmart,"Sunnyvale, CA",94085
2738101937,Senior Data Analyst,Walmart,"Sunnyvale, CA",94085
2763232693,Data Analyst or Jr. Analyst - High-Tech Firm for RE Team,TORP Group,"Redwood City, CA",94061
2751137965,Data Analyst - PD- Days - Concern: EAP,El Camino Health,"Mountain View, CA",94040
2708158739,Data Analyst,Momentive.ai,"San Mateo, CA",94401
2749790739,Data Analyst,KITE,San Francisco Bay Area,94101
2733722462,Data Analyst,January AI,"Menlo Park, CA",94025
2755655109,Data Analyst,Mackin Talent,"Sunnyvale, CA",94085
2755845162,Data Analyst I,"Intelliswift Software, Inc.","Mountain View, CA",94040
2734420527,Data Analyst,"eHealth, Inc.","Santa Clara, CA",95050
2741579860,Data Analyst - Fixed Term (12 Months),Informatica,"Redwood City, CA",94061
2754271879,Data Analyst,Mackin Talent,"Sunnyvale, CA",94085
2756463452,"Data Analyst, Data Science and Analytics",QuestBridge,"Palo Alto, CA",94301
2750609327,Data Analyst,Jerry,"Palo Alto, CA",94301
2746600610,Senior Data Analyst,Walmart,"Sunnyvale, CA",94085
2702430372,Data Analyst - 0.8 - Days - Concern: EAP,El Camino Health,"Mountain View, CA",94040
2763103121,Data Analyst,Global Pharma Tek,"Mountain View, CA",94040
2639287781,Data Analyst,"Plume Design, Inc","Palo Alto, CA",94301
2756453399,Data Analyst,Glooko,"Palo Alto, CA",94301
2721196432,Data Analyst,Enquero,"Milpitas, CA",95035
2754274836,Data Analyst,Mackin Talent,"Sunnyvale, CA",94085
2751748882,Data Analyst,ICONMA,"Mountain View, CA",94040
2733260028,System Data Analyst,Wing,"Palo Alto, CA",94301
2730241527,Data Analyst,Modis,"San Jose, CA",95101
2730443168,Energy Data Analyst,Tesla,"San Jose, CA",95101
2487436104,Data Analyst,Power Integrations,"San Jose, CA",95101
2715113611,Data Analyst I,PRI Global,"Fremont, CA",94536
2748401567,(USA) Principal Data Analyst,Walmart,"Sunnyvale, CA",94085
2754274783,Data Analyst,Mackin Talent,"Menlo Park, CA",94025
2756452999,Data Analyst,BitGo,"Palo Alto, CA",94301
2746604224,(USA) Senior Data Analyst,Walmart,"Sunnyvale, CA",94085
2747015998,Data Analyst,ICONMA,"Mountain View, CA",94040
2694261805,Ecommerce Data Analyst,Albertsons Companies,"Pleasanton, CA",94566
2754275623,Data Analyst,Mackin Talent,"Sunnyvale, CA",94085
2725781396,Research Data Analyst,Stanford University,"Stanford, CA",94305
2751980568,Rsch Data Analyst 1,Stanford University,"Stanford, CA",94305
2737622647,Data Analyst,Apex Systems,"Palo Alto, CA",94301
2754272834,Data Analyst,Mackin Talent,"Menlo Park, CA",94025
2743922748,Data Analyst,Jobot,"San Leandro, CA",94577
2751904016,Data Analyst 2,Natera,"San Carlos, CA",94070
2737622592,Data Analyst (Local or Remote),Point,"Palo Alto, CA",94301
2714824386,Data Analyst,Intapp,"Palo Alto, CA",94301
2754278111,Data Analyst,Mackin Talent,"Menlo Park, CA",94025
2763264481,Data Analyst/Junior Data Scientist (2022 Start),Charles River Associates,San Francisco Bay Area,94101
2746739949,Data Analyst,Global Pharma Tek,"Mountain View, CA",94040
2748115285,Data Analyst,Global Pharma Tek,"Mountain View, CA",94040
2749266782,Data Analyst,"Yoh, A Day & Zimmermann Company","Mountain View, CA",94040
2719081941,Data Analyst,"ISI-Dentsu of America, Inc.",San Francisco Bay Area,94101
2756462061,Data Analyst,Avail Medsystems,"Santa Clara, CA",95050
2727853509,Data Analyst,Universal Audio,"Scotts Valley, CA",95066
2741140795,Data Analyst,Global Pharma Tek,"Mountain View, CA",94040
2742827593,DATA ANALYST,Spectraforce Technologies,"Redwood City, CA",94061
2763272838,Data Analyst,Global Pharma Tek,"Mountain View, CA",94040
2742685569,Data Analyst,AgreeYa Solutions,"Redwood City, CA",94061
2646576454,Data Analyst,ICONMA,"Cupertino, CA",95014
2755028918,Data Informatics Analyst,"Amick Brown - SAP, Cloud Technologies and Business Intelligence Staffing & Consulting","Sunnyvale, CA",94085
2717067254,Rsch Data Analyst 1,Stanford University School of Medicine,"Palo Alto, CA",94301
2730441922,Research Data Analyst,Stanford University School of Medicine,"Palo Alto, CA",94301
2726590268,Data Analyst - Immunology,CellCarta,"Fremont, CA",94536
2593528716,Data Services Analyst,Albertsons Companies,"Pleasanton, CA",94566
2746225518,Data/BI Analyst,Randstad USA,San Francisco Bay Area,94101
2754723857,Senior Data Analyst,Insight Global,"Sunnyvale, CA",94085
2723177270,Junior Data Analyst,Staffigo,"San Jose, CA",95101
2755075528,Sr .Data Analyst,Proiasys Inc,San Francisco Bay Area,94101
2529956832,Lead Data Analyst (People),"Enjoy Technology, Inc.","Palo Alto, CA",94301
2734976082,Data Analyst,Dice,"Sunnyvale, CA",94085
2560804386,Data Analyst,E-Solutions,"San Jose, CA",95101
2723624779,Data Analyst,Addison Group,"Redwood City, CA",94061
2716518859,"Data Analyst, Finance","Niantic, Inc.","Sunnyvale, CA",94085
2742393244,Data Analyst,eTeam,"Sunnyvale, CA",94085
2673223371,Data Analyst - Routing,Booster,"San Mateo, CA",94401
2746680218,Claims Data Warehouse Analyst,Kaiser Permanente,"Pleasanton, CA",94566
2751947075,Data Analyst,"Ursus, Inc.","Fremont, CA",94536
2486582146,Data Analyst,E-Solutions,"San Jose, CA",95101
2743366506,Data Analyst,Resource Logistics Inc.,"Menlo Park, CA",94025
2752290990,Data Analyst I,Dice,"Fremont, CA",94536
2722953209,Staff Data Analyst,"eHealth, Inc.","Santa Clara County, CA",95050
2761365365,Data Analyst,Dice,"Sunnyvale, CA",94085
2738193789,RESEARCH DATA ANALYST II,Employment Development Department,"Santa Clara, CA",95050
2747798480,Senior Data Analyst - Search and Personalization,Walmart,"Sunnyvale, CA",94085
2754271843,Data Analyst III,Mackin Talent,"Fremont, CA",94536
2746272794,Data Analyst,Dice,"Fremont, CA",94536
2725284989,Data Analyst,"Intelliswift Software, Inc.","San Jose, CA",95101
2727458290,Data Analyst,"Ursus, Inc.","Sunnyvale, CA",94085
2745259404,Entry Level (Data Analyst/Data Scientist),SynergisticIT,"San Jose, CA",95101
2743401227,Data Analyst,Diverse Lynx,"San Jose, CA",95101
2747718089,Data Analyst/Scientist,IMS Group,"Menlo Park, CA",94025
2685230924,Data Analyst - Immunology,CellCarta Formerly Caprion,"Fremont, CA",94536
2743401245,Data Analyst,Diverse Lynx,"San Jose, CA",95101
2741138998,Data Analyst,"Intelliswift Software, Inc.","San Jose, CA",95101
2749618134,Data Analyst III,Russell Tobin,"Cupertino, CA",95014
2738199162,Product Data Analyst,Treez Inc.,San Francisco Bay Area,94101
2753721013,Senior Data Analyst,Cognizant,"San Jose, CA",95101
2745605142,Data Analyst - Advance Analytics,"Ursus, Inc.","Fremont, CA",94536
2750493851,Data Analyst III,Spectraforce Technologies,"Cupertino, CA",95014
2752297947,Data Analyst,Dice,"Sunnyvale, CA",94085
2615051790,Clinical Data Analyst - R (Contract),"GRAIL, Inc.","Menlo Park, CA",94025
2750777325,Data Analyst,Abacus Service Corporation,"Pleasanton, CA",94566
2603652205,Senior Data Analyst (Operations),"Enjoy Technology, Inc.","Palo Alto, CA",94301
2742743811,Data Analyst,eTeam,"Palo Alto, CA",94301
2723025397,Data Analyst,Diverse Lynx,"Santa Clara, CA",95050
2752694472,Data Analyst,Dice,"Pleasanton, CA",94566
2658407399,Data Analyst,eTeam,"Cupertino, CA",95014
2756005039,Data Analytics & Engineering - Data Analyst I Data Analyst I,PRI Global,"Fremont, CA",94536
2749529706,Data Analyst II,Dice,"Santa Clara, CA",95050
2716510637,Data Analytics Analyst,"DIVERSANT, LLC","Cupertino, CA",95014
2756504313,Data Analyst Engineer,Mendel.ai,"San Jose, CA",95101
2700853849,Data Ops Analyst,Feed Media Group,San Francisco Bay Area,94101
2746647538,Senior Data Analyst,NewsBreak,"Mountain View, CA",94040
2579843615,Senior Data Analyst,MyHealthTeams,San Francisco Bay Area,94101
2755226436,SQL Data Quality Analyst,"NetSource, Inc.","San Jose, CA",95101
2694737469,"Data Analyst, Account Management",Booster,"San Mateo, CA",94401
2763144291,Service Analytics Data Analyst,RGBSI,"Newark, CA",94560
2749500808,Data Analyst / Senior Data Analyst,BioSpace,"Redwood City, CA",94061
2743401464,Data Analyst,Diverse Lynx,"Sunnyvale, CA",94085
2745647256,"Lead Data Analyst, Self-Driving",Rivian,"Palo Alto, CA",94301
2743404116,Data Analyst,Diverse Lynx,"Sunnyvale, CA",94085
2732526238,Coforge Data Analyst,E-Solutions,"San Jose, CA",95101
2718521847,Data Analytics & Engineering - Data Analyst I Data Analyst I,PRI Global,"Fremont, CA",94536
2655789487,Data Analyst,eTeam,"Cupertino, CA",95014
2716731705,Data Analyst ( Data Conversion),Triune Infomatics Inc,"Redwood City, CA",94061
2743362785,Data Science Analyst,Resource Logistics Inc.,"Fremont, CA",94536
2743404532,Data analysis,Diverse Lynx,"San Jose, CA",95101
2721759280,Business Intelligence & Data Analyst,Sharethrough,"San Jose, CA",95101
2724451117,Senior Data Analyst,Harnham,San Francisco Bay Area,94101
2715152293,Data Analyst (for Conversion),Genuent,"Redwood City, CA",94061
2685943729,Lead Data Analyst,VentureBeat,San Francisco Bay Area,94101
2729560435,Data Informatics Analyst 1,"TalentBurst, an Inc 5000 company","Santa Clara, CA",95050
2739427662,Research Data Support Analyst,Stanford University,"Stanford, CA",94305
2755474912,SQL Data Quality Analyst,Dice,"San Jose, CA",95101
2721739396,Research & Data Analyst,San Jose Downtown Association,"San Jose, CA",95101
2738010268,Senior Data Analyst,IntelliPro,"San Jose, CA",95101
2710713448,Senior Data Analyst,Vacatia,San Francisco Bay Area,94101
2749226139,Senior Data Analyst,Samsara,San Francisco Bay Area,94101
2723304844,Senior Data Analyst,Media.Monks,"Mountain View, CA",94040
2736054064,Data Analyst Lead,Belong,"San Mateo, CA",94401
2725636817,Data Informatics Analyst 1 #: 21-14142,"TalentBurst, an Inc 5000 company","Sunnyvale, CA",94085
2731480422,Sr. Data Analyst,HashiCorp,"San Jose, CA",95101
2760490438,Senior Data Analyst,brightwheel,San Francisco Bay Area,94101
2752302045,Data Analytics/Analyst,Dice,"Menlo Park, CA",94025
2738009910,Data Analyst/ Scientist,Matrix Precise,"Los Altos, CA",94022
2714791513,Data Analyst/Data Engineer,PRI Global,"Menlo Park, CA",94025
2750574710,Data Labeling Analyst,"Ursus, Inc.","Menlo Park, CA",94025
2744661393,Senior Data Analyst,Hippo Insurance,"Palo Alto, CA",94301
2740184510,Lead Data Analyst (US Remote),LeanTaaS,"Santa Clara, CA",95050
2706593212,Sr. Data Analyst-Product,Weee!,"Fremont, CA",94536
2752865139,Reporting Data Analyst II,HCA Healthcare,"Foster City, CA",95920
2745039557,Entry Level (Data Analyst/Data Scientist),Dice,"San Jose, CA",95101
2755456478,Senior Health Data Analyst,Nuna Inc.,San Francisco Bay Area,94101
2725094026,Senior Data Analyst,"KellyMitchell Group, Inc","Foster City, CA",95920
2729174772,Data Analyst III,Russell Tobin,"Burlingame, CA",94010
2730776455,Sr. Data Analyst,Ascent Services Group,"Pleasanton, CA",94566
2709253281,Data Analyst/QA,E-Solutions,"San Jose, CA",95101
2745235628,Data Management Analyst,Vista Outdoor Inc.,"Scotts Valley, CA",95066
2746182351,Data Analyst III #: 21-19099,"TalentBurst, an Inc 5000 company","Cupertino, CA",95014
2750776616,Data Analyst,Diverse Lynx,"Pleasanton, CA",94566
2750514986,Sr. Data Analyst - Finance,Egnyte,"Mountain View, CA",94040
2750520115,Sr. Data Analyst - Finance,Egnyte,"Mountain View, CA",94040
2748402282,eCommerce Data Analyst,"Ursus, Inc.","Menlo Park, CA",94025
2753316520,Role : Data Analyst ---14106-1,Dice,"Burlingame, CA",94010
2755843433,Sr. Data Analyst (Hybrid),Stryker,"Fremont, CA",94536
2744526860,Clinical Data Analyst - R (Contract),BioSpace,"Menlo Park, CA",94025
2621874936,Senior Data Analyst,"eHealth, Inc.","Santa Clara, CA",95050
2755845119,Sr. Data Analyst (Hybrid),Stryker,"San Jose, CA",95101
2751961532,Data Quality Analyst,"LanceSoft, Inc.","Palo Alto, CA",94301
2717478136,Research Data Support Analyst,Stanford University School of Medicine,"Palo Alto, CA",94301
2734427251,Senior Data Analyst,Punchh,"San Mateo, CA",94401
2752293699,Data Analyst III,Dice,"Cupertino, CA",95014
2428415247,RMA Data Analyst,Supermicro,"San Jose, CA",95101
2744117494,Senior Data Analyst,Enquero,"Milpitas, CA",95035
2731952703,Data Analysis (Hybrid Onsite/Remote),Ultimate Staffing,"Fremont, CA",94536
2750478679,Sr Data Analyst,"Metasys Technologies, Inc.","San Jose, CA",95101
2718799193,"Sr. Data Analyst, Marketing",Weee!,"Fremont, CA",94536
2739781469,Data Analyst with Tableau,Diverse Lynx,"San Jose, CA",95101
2744401333,Data Analyst with Tableau,Diverse Lynx,"San Jose, CA",95101
2743388814,Data Analyst /Data scientist,Diverse Lynx,"San Jose, CA",95101
2731752549,Business Data Analyst,E-Solutions,"San Jose, CA",95101
2751960774,Marketing Data Analyst,"LanceSoft, Inc.","Palo Alto, CA",94301
2756421033,Senior Data Analyst,Movoto,"San Mateo, CA",94401
2739803243,Equipment Data Analyst,Peterson Cat,"San Leandro, CA",94577
2741539827,Data Analyst - SQL and ETL Design,"Ursus, Inc.","Menlo Park, CA",94025
2738066773,Paid Media Data Analyst,"Pinnacle Group, Inc.","Sunnyvale, CA",94085
2753053869,Marketing Data Analyst,CRS Group,"Burlingame, CA",94010
2437986567,Data Analyst III,"TalentBurst, an Inc 5000 company","Cupertino, CA",95014
2756470491,Senior Data Analyst - US,MOLOCO,"Redwood City, CA",94061
2593346974,BI Data Analyst - Finance,Corsair,"Fremont, CA",94536
2750632190,Product Data Analyst,Dice,"Sunnyvale, CA",94085
2720091268,E-Commerce Data Analyst,"Yoh, A Day & Zimmermann Company","Foster City, CA",95920
2747891114,Program Analyst/ Data Analyst,Dice,"Menlo Park, CA",94025
2749528469,Data Analyst III #: 21-07324,HireTalent - Diversity Staffing & Recruiting Firm,"Cupertino, CA",95014
2755149733,Data Analytics Testing,"Yoh, A Day & Zimmermann Company","Mountain View, CA",94040
2726190100,Financial Systems Data and Business Analyst,Stanford University,"Redwood City, CA",94061
2761642194,Distribution Management Data Analyst,"Ryder System, Inc.","San Jose, CA",95101
2750521103,Sr. Data Analyst - Sales,Egnyte,"Mountain View, CA",94040
2752549884,Senior Data Analyst,Russell Tobin,"San Jose, CA",95101
2732214952,Senior Data Analyst,"Intelliswift Software, Inc.","Pleasanton, CA",94566
2728639923,Data Analyst III (Customer Experience Researcher),MindSource,"Cupertino, CA",95014
2753409261,MDM Data Analyst,Kelly,"Cupertino, CA",95014
2754514164,Marketing Data Analyst,Spectraforce Technologies,"Burlingame, CA",94010
2763120215,Operations Data Analyst,eTeam,"San Jose, CA",95101
2741494521,Sr. Data Analyst,Dice,"Mountain View, CA",94040
2747718110,SAS Data Analyst,"LanceSoft, Inc.","San Jose, CA",95101
2730123413,Data Analyst III (Data Engineer),MindSource,"Cupertino, CA",95014
2745493046,Sr. Data Analyst,Dice,"San Jose, CA",95101
2744612815,Research Data Analyst 2 (2 Year Fixed Term),Stanford University,"Stanford, CA",94305
2732502382,Business Data Analyst,E-Solutions,"San Jose, CA",95101
2718961605,Data Analyst/Data Engineer,Dice,"Menlo Park, CA",94025
2666162087,Data Discovery Onboarding / Analyst,E-Solutions,"San Jose, CA",95101
2737011259,Data and Policy Analyst - Statistical Programmer,"Acumen, LLC","Burlingame, CA",94010
2738434212,Data Analyst III #: 21-05046,HireTalent - Diversity Staffing & Recruiting Firm,"Cupertino, CA",95014
2515369047,Supply Chain Data Analyst,Corsair,"Fremont, CA",94536
2732919130,Data And Reporting Analyst,"Intelliswift Software, Inc.","Mountain View, CA",94040
2751168875,Data and Policy Analyst IV,"Acumen, LLC","Burlingame, CA",94010
2733356576,Supply Chain Data and Program Analyst,Accenture,"San Jose, CA",95101
2741243470,Reliability Data Analyst,II-VI Incorporated,"Fremont, CA",94536
2725719527,Business Data Analyst,E-Solutions,"San Jose, CA",95101
2743396476,Data Quality Analyst,Diverse Lynx,"Santa Clara, CA",95050
2747898344,Supply Chain Data and Program Analyst,Accenture,"San Jose, CA",95101
2735400783,Event Data Analyst,eTeam,"Sunnyvale, CA",94085
2743851795,Development & Data Analyst -- Administrative Analyst/Specialist - Exempt I (505432),California State University - East Bay,"Hayward, CA",94541
2744690895,Research Data Analyst 2 (2 Year Fixed Term),Stanford University School of Medicine,"Palo Alto, CA",94301
2740185385,Data Governance Analyst (2-year Fixed Term),Stanford University,"Stanford, CA",94305
2749430286,Data Analyst - Alteryx,Diverse Lynx,"Santa Clara, CA",95050
2746555723,GIS Data Analyst,Dice,"San Jose, CA",95101
2735370179,Data Analyst IV #: 19-01632,HireTalent - Diversity Staffing & Recruiting Firm,"Menlo Park, CA",94025
2749294036,Data Analyst - BI Developer,"Ursus, Inc.","Sunnyvale, CA",94085
2743402583,Data Steward Analyst,Diverse Lynx,"Redwood City, CA",94061
2659880256,Data Business Analyst,E-Solutions,"San Jose, CA",95101
2743400630,Data Steward Analyst,Diverse Lynx,"Redwood City, CA",94061
2758345241,Data and Reporting Analyst,eTeam,"Mountain View, CA",94040
2754193778,Marketing Data Analyst,Dice,"Burlingame, CA",94010
2752300726,Senior Data Analyst,Dice,"Mountain View, CA",94040
2743443153,Security Data Analyst,TEKFORTUNE INC,"Pleasanton, CA",94566
2753412379,Sr. Data Analyst,Dice,"Burlingame, CA",94010
2521225617,Data Governance Analyst,E-Solutions,"San Jose, CA",95101
2743391126,Sr. Data Analyst,Diverse Lynx,"Santa Clara, CA",95050
2743386863,Sr. Data Analyst,Diverse Lynx,"Santa Clara, CA",95050
2731274704,Database Administrator / Data Analyst,HireResources,"San Jose, CA",95101
2732253562,Security Data Analyst,TEKFORTUNE INC,"Pleasanton, CA",94566
2712845253,"Marketing Data Analyst, Contractor (Palo Alto/Remote)",Moon Creative Lab,"Palo Alto, CA",94301
2744687527,ESG Data Analyst,Kairos Aerospace,"Mountain View, CA",94040
2740467405,"Senior / Lead Data Analyst, California",Sendbird,"San Mateo, CA",94401
2762927501,Language Data Analyst II,Dice,"Palo Alto, CA",94301
2755894834,Data Analytics & Engineering - Data Analyst III Data Analyst III,PRI Global,"Sunnyvale, CA",94085
2731050090,Distribution Intelligence Analyst,Franklin Templeton,"San Mateo, CA",94401
2748574418,Snowflake Data Analyst with Python,"CNET Global Solutions, Inc","San Jose, CA",95101
2732286278,ERP Data Analyst II,"Sunrise Systems, Inc.","Hayward, CA",94541
2750471720,Data Analytics & Engineering - Data Analyst II Data Analyst II,PRI Global,"Menlo Park, CA",94025
2745891357,Data Analytics & Engineering - Data Analyst II Data Analyst II,PRI Global,"Menlo Park, CA",94025
2752507759,"Program Data Analyst, Conservation and Markets Initiative",Gordon and Betty Moore Foundation,"Palo Alto, CA",94301
2522582946,Senior Data Analyst,eTeam,"San Mateo, CA",94401
2727021706,Security Data Analyst,E-Solutions,"Pleasanton, CA",94566
2751585945,Data Analytics & Engineering - Data Analyst III Data Analyst III,PRI Global,"Sunnyvale, CA",94085
2756426285,Senior Data Analyst: Behavioral Insights and Storytelling,Humu,"Mountain View, CA",94040
2726105518,Security Data Analyst,E-Solutions,"Pleasanton, CA",94566
2725764332,Security Data Analyst,eTeam,"Pleasanton, CA",94566
2725617792,"Cupertino, California | English language Business Data Technician - A Data Analyst position",RWS Group,"Cupertino, CA",95014
2734839535,Analyst/Data Scientist,Neocortex,San Francisco Bay Area,94101
2743386139,Lead Data Analyst,Diverse Lynx,"San Jose, CA",95101
2719313029,Video and Image Data Analyst,"Ursus, Inc.","Sunnyvale, CA",94085
2752220593,Data Governance Analyst,Diverse Lynx,"Santa Clara, CA",95050
2750474800,Senior Financial Data Analyst,Central California Alliance for Health,"Scotts Valley, CA",95066
2727476969,Quantitative Researcher / Data Analyst,Creative Circle,"San Jose, CA",95101
2743389571,Data Governance Analyst,Diverse Lynx,"Santa Clara, CA",95050
2763275931,Business Intelligence / Data Science Analyst,eTeam,"Sunnyvale, CA",94085
2730850389,Data Management Specialist,Stanford University School of Medicine,"Palo Alto, CA",94301
2738935986,Senior Professional Data Analyst,Gainwell Technologies,"Dublin, CA",94568
2743393417,Data Governance Analyst,Diverse Lynx,"Santa Clara, CA",95050
2743387915,Data Governance Analyst,Diverse Lynx,"Santa Clara, CA",95050
2733650783,Data Management Specialist,Stanford University,"Stanford, CA",94305
2743362597,Data Scientist / Data Analyst,"Omega Solutions, Inc.","Santa Clara, CA",95050
2763102735,Data Engineer & Analyst with Power BI & Python,Vimerse InfoTech Inc,"San Jose, CA",95101
2732095015,Software Engineer - Data Analyst,Cobham,"San Jose, CA",95101
2612941226,Business System Analyst / Data Analyst,E-Solutions,"San Jose, CA",95101
2743385077,Data QA Analyst,Diverse Lynx,"Santa Clara, CA",95050
2753076799,"Data Analyst (PLM, SAP ECC)",MindSource,"Sunnyvale, CA",94085
2749202612,"Senior / Staff Data Analyst, Quant CRM & Customer Analytics",Realtor,"Santa Clara, CA",95050
2743196993,Data and Policy Analyst - Writer/Coordinator,"Acumen, LLC","Burlingame, CA",94010
2748557362,Oracle Data Analyst (Revenue & Subscriptions),Dice,"San Jose, CA",95101
2746176454,Senior Security Data Analyst,Snowflake,"San Mateo, CA",94401
2654229752,Senior Data Governance Analyst Finance,Intuitive,"Sunnyvale, CA",94085
2741143099,Sr.Data and Business Intelligence Analyst (Finance),"Intelliswift Software, Inc.","San Jose, CA",95101
2739401605,"Threat Analyst Manager, Data Science (Remote)",CrowdStrike,"Sunnyvale, CA",94085
2756559434,Data or Business analyst with Salesforce,Headway Tek Inc,"Pleasanton, CA",94566
2742224343,"Business Intelligence Analyst, Customer Success",U.S. Bank,"Palo Alto, CA",94301
2748460513,Data Engineer,Snap Inc.,"Mountain View, CA",94040
2743403861,Business Data Analyst (San Jose CA),Diverse Lynx,"San Jose, CA",95101
2731489799,Master Data Management - Data Governance Analyst,"Ursus, Inc.","Sunnyvale, CA",94085
2740118122,"Business Analytics Lead, Supercharger",Tesla,"Palo Alto, CA",94301
2749206183,"Senior / Staff Data Analyst, Quant Performance Marketing Analytics",Realtor,"Santa Clara, CA",95050
2734864960,Sr. Data Analyst / Architect,Enquero,"Milpitas, CA",95035
2749249508,Data Engineer,Tesla,"Fremont, CA",94536
2731422670,Associate Data Engineer,GroundTruth,"Mountain View, CA",94040
2748558283,Snowflake Data Analyst with Python,Dice,"San Jose, CA",95101
2753946777,Web and Marketing Data Analyst,Infinity Quest,"San Jose, CA",95101
2690100631,Sr. Technology & Data Management Analyst,Cushman & Wakefield,"Mountain View, CA",94040
2743434872,Data BA with Insurance,E-Solutions,"San Jose, CA",95101
2739917615,Data Architect/Analyst (Financial Data),Openmind Technologies Inc.,"San Jose, CA",95101
2727702338,Business Metrics/Analytics - Remote (Work 8am - 5pm PST Timings),MillenniumSoft Inc,"San Jose, CA",95101
2742229437,"Business Data Analyst in San Jose, CA | Contract",Dice,"San Jose, CA",95101
2737168281,"Principal Analyst, Data & Analytics",Kodiak Sciences,"Palo Alto, CA",94301
2743387742,MDM Data Analyst,Diverse Lynx,"Santa Clara, CA",95050
2228107668,Senior Finance Data Analyst,Qualys,"Foster City, CA",95920
2741158484,MDM Data Analyst,Diverse Lynx,"Santa Clara, CA",95050
2743383481,MDM Data Analyst,Diverse Lynx,"Santa Clara, CA",95050
2694261820,Business Intelligence Analyst,Albertsons Companies,"Pleasanton, CA",94566
2743386667,MDM Data Analyst,Diverse Lynx,"Santa Clara, CA",95050
2694266004,Business Intelligence Analyst,Albertsons Companies,"Pleasanton, CA",94566
2700428061,Business Intelligence Analyst,Albertsons Companies,"Pleasanton, CA",94566
2741986466,Data Engineer - Data Platform,Tesla,"Fremont, CA",94536
2673906367,Technical Data Business Analyst,E-Solutions,"San Jose, CA",95101
2743385882,MDM Data Analyst,Diverse Lynx,"Santa Clara, CA",95050
2751187657,"Analyst, Service Collision",Tesla,"Fremont, CA",94536
2714058425,"Sr. Analyst, Business Data Analytics",Oportun,"San Carlos, CA",94070
2763320460,Data or Business analyst with Salesforce,Dice,"Pleasanton, CA",94566
2698703419,Data Engineer,23andMe,"Sunnyvale, CA",94085
2756411199,"Senior Data Analyst/ Scientist, Learning",Khan Academy,"Mountain View, CA",94040
2739411196,Threat Analyst - Threat Detections & Response (Remote),CrowdStrike,"Sunnyvale, CA",94085
2751763166,Data Engineer - Data Engineer I,Belcan,"Santa Clara, CA",95050
2757063145,Security Data Analyst -Splunk,Dice,"Pleasanton, CA",94566
2743394044,Data Quality Engineer/ Analyst,Diverse Lynx,"Santa Clara, CA",95050
2741450425,Sr. Data and Business Intelligence Analyst (Finance),Dice,"San Jose, CA",95101
2749243085,Data Engineer,Ryzen Solutions,"Cupertino, CA",95014
2727705239,Global Regulatory Compliance Data Analyst (Mathematics Knowledge),MillenniumSoft Inc,"San Jose, CA",95101
2740417519,Data Engineer - Remote,"Medable, Inc","Palo Alto, CA",94301
2737018531,Bioinformatician (Research Data Analyst 2),Stanford University,"Stanford, CA",94305
2729149970,Bioinformatician (Research Data Analyst 2 at 50% FTE),Stanford University,"Stanford, CA",94305
2726109339,"Senior Data Analyst/Manager, MDM Analytics",Coherus BioSciences,"Redwood City, CA",94061
2721786259,Data Engineer,Slalom,"Silicon Valley, CA",92307
2555186176,Corporate Treasury - Finance & Risk Data Operations - Analyst,ORC Middleware Test Company,"Redwood City, CA",94061
2756738604,"Systems Administrator, Programmer and Data Analyst -- Information Technology Consultant - Career (2",California State University - East Bay,"Hayward, CA",94541
2741149899,Requisition id: 307242 - Finance/ Data Analysts,Vegazva Group,"San Jose, CA",95101
2751312921,Senior Data Analyst / Senior Data Scientist / Senior Data Engineer,Dice,"Menlo Park, CA",94025
2721789165,Data Engineer,Slalom,"Silicon Valley, CA",92307
2692462896,Sr. Marketing Data Analyst,Omnicell,"Mountain View, CA",94040
2730834444,Business Intelligence Analyst,Callisto Media,"San Jose, CA",95101
2737608865,Bioinformatician (Research Data Analyst 2),Stanford University School of Medicine,"Palo Alto, CA",94301
2746522129,Sr. Data and Business Intelligence Analyst (Finance) #: 21-07196,HireTalent - Diversity Staffing & Recruiting Firm,"San Jose, CA",95101
2739136161,Data Architect/Analyst (Financial Data),Dice,"San Jose, CA",95101
2763081936,Business Intelligence Analyst,"Amick Brown - SAP, Cloud Technologies and Business Intelligence Staffing & Consulting","Santa Clara, CA",95050
2749824618,Immediate need of Data Engineer at San Jose CA,Dice,"San Jose, CA",95101
2614105074,Shortage Analyst,"Ross Stores, Inc.","Dublin, CA",94568
2760416559,Data Engineer,Parker and Lynch,"Sunnyvale, CA",94085
2752982601,Web and Marketing Data Analyst,Dice,"San Jose, CA",95101
2752226681,Google Feedback Analyst,Diverse Lynx,"San Jose, CA",95101
2744614644,Data Engineer,Stanford University,"Stanford, CA",94305
2729564132,Data Engineer,Openmind Technologies Inc.,San Francisco Bay Area,94101
2733671547,Data Engineer I,"Acumen, LLC","Burlingame, CA",94010
2731452838,"Data Engineer, Program Analytics",Intuitive,"Sunnyvale, CA",94085
2752582415,"Senior Analyst, People Analytics",Confluent,"Mountain View, CA",94040
2755846087,Data/Analytics Engineer,"Intelliswift Software, Inc.","Santa Clara, CA",95050
2731815902,"Data Engineer, Data Science & Analytics",Earnin,"Palo Alto, CA",94301
2745274843,Business Systems Analyst,Intuit,"Mountain View, CA",94040
2737663079,Staff Data Engineer (Remote Work From Home),Freedom Financial Network,"San Mateo, CA",94401
2746645588,Data Mining Analytics Engineer,Intel Corporation,"Santa Clara, CA",95050
2744609719,Data Engineer (SQL/Looker),Sharethrough,"San Jose, CA",95101
2756442969,Data Engineer,Jobox.ai,"Palo Alto, CA",94301
2722950445,Data Engineer,Parker and Lynch,"Sunnyvale, CA",94085
2728562609,Staff Data Engineer,Evisort,"San Mateo, CA",94401
2746910731,Data Engineer,San Jose Water,"San Jose, CA",95101
2702644181,Data Collection Engineer - Contractor,Magic Leap,"Sunnyvale, CA",94085
2638611260,Data Governance (Metadata + Collibra),E-Solutions,"San Jose, CA",95101
2740117021,"Business Intelligence Analyst, Sales & Delivery",Tesla,"Fremont, CA",94536
2731044775,Sr. Distribution Intelligence Analyst,Franklin Templeton,"San Mateo, CA",94401
2756468924,Data Engineer - Data Processing & Infrastructure,Archer,"Palo Alto, CA",94301
2743366570,Data Engineer,Resource Logistics Inc.,"Menlo Park, CA",94025
2730913872,Data Engineer,TEKFORTUNE INC,"Sunnyvale, CA",94085
2731575099,Data Engineer,COGENT Infotech,"San Jose, CA",95101
2754211690,Data Pipelining Software Engineer,"Pinnacle Group, Inc.","Cupertino, CA",95014
2561592897,Data Engineers,E-Solutions,"San Jose, CA",95101
2763181261,Data Engineer,Dice,"San Jose, CA",95101
2748475758,Data Operations Support Engineer,Tata Consultancy Services,"Redwood City, CA",94061
2743400009,Data Engineer,Diverse Lynx,"Sunnyvale, CA",94085
2547431676,Data Engineer,E-Solutions,"Santa Clara, CA",95050
2522277736,Data Engineer,E-Solutions,"San Jose, CA",95101
2697035860,Data Engineer,Veear Projects Inc.,"Cupertino, CA",95014
2756501854,Data Integration Engineer,Mendel.ai,"San Jose, CA",95101
2730774913,Data Engineer,Diverse Lynx,"Sunnyvale, CA",94085
2750628103,Data Engineer,Dice,"Sunnyvale, CA",94085
2743387125,Data Engineer,Diverse Lynx,"Santa Clara, CA",95050
2743386438,Data Engineer,Diverse Lynx,"San Jose, CA",95101
2755673776,Data Engineer,Dice,"Menlo Park, CA",94025
2513842332,Data Engineer,E-Solutions,"San Jose, CA",95101
2517745628,Operation data Scientists,E-Solutions,"San Jose, CA",95101
2731558288,Data Engineer -Pyspark,E-Solutions,"San Jose, CA",95101
2540020553,Data Engineer,E-Solutions,"San Jose, CA",95101
2756471208,Data Tooling and Operations Engineer,Lily AI,"Mountain View, CA",94040
2731493677,Data Engineer - Computer Vision Research,"Ursus, Inc.","Menlo Park, CA",94025
2700061941,Business Analyst - Junior,Staffigo,"San Jose, CA",95101
2748952413,"Business Intelligence Analyst, Marketing",PJCC - Peninsula Jewish Community Center,"Foster City, CA",95920
2750096182,Senior Payment Optimization Analyst,Sizigi,"Santa Clara County, CA",95050
2749334114,Backend Tester,Jobvite Middleware Test Company,"San Jose, CA",95101
2742494111,Business Intelligence Analyst 3 #: 21-13319,"TalentBurst, an Inc 5000 company","Santa Clara, CA",95050
2756472442,SWE - Reliability,Third Wave Automation,"Fremont, CA",94536
2753814803,DIU Analyst,"Systems Planning and Analysis, Inc.","Sunnyvale, CA",94085
2732683674,Data Engineer for GBI Sales BAP - 71256,"Pinnacle Group, Inc.","Sunnyvale, CA",94085
2729961488,To Go Specialist,TGI Fridays,"Union City, CA",94587
2746174887,"BI Analyst, Product Finance",Snowflake,"San Mateo, CA",94401
2734419082,Health Industries R&R Epic Risk & Controls Senior Associate,PwC,"San Jose, CA",95101
2714536473,Data Engineer/Snowflake,E-Solutions,"San Jose, CA",95101
2749462493,Quote Analyst,Bestronics,"San Jose, CA",95101
2723807429,Data Engineer – Consultant,Russell Tobin,"Cupertino, CA",95014
2610047385,IBM Rational CLM SME,E-Solutions,"San Jose, CA",95101
2624882196,BA/DA Regulatory reporting (Data Analysis Exp. Is must) Basel - CCAR,E-Solutions,"San Jose, CA",95101
2706040800,Data Plane Developer - REMOTE,Jefferson Frank,"Sunnyvale, CA",94085
2743393735,Callbox Tester role,Diverse Lynx,"Mountain View, CA",94040
2438150853,Data Science Engineer IV-(Remote Position),Omnicell,"Mountain View, CA",94040
2533074032,Python Consultant,E-Solutions,"San Jose, CA",95101
2743381866,AWS Data Engineer,Diverse Lynx,"Santa Clara, CA",95050
2688419215,Data Engineer BA,E-Solutions,"San Jose, CA",95101
2744499522,Teradata Data Engineer - Sunnyvale CA/Austin TX,Formac Inc,"Sunnyvale, CA",94085
2512558219,IT Risk & Controls Health Industry Sr Associate,PwC,"San Jose, CA",95101
2738620136,GCP Infra SME,Resource Logistics Inc.,"San Jose, CA",95101
2754248109,Oracle Data Guard Product Manager,Oracle,"Redwood City, CA",94061
2724638519,Experienced Client Service Associate - Evercore Wealth Management,Evercore,San Francisco Bay Area,94101
2744620855,Data Engineer - ETL Design,"Ursus, Inc.","Menlo Park, CA",94025
2749430307,AWS Data Engineer,Diverse Lynx,"Foster City, CA",95920
2743418194,Business Systems Analyst I (Compliance Analyst),MindSource,"Cupertino, CA",95014
2748511471,ML & Data Science Engineer,eTeam,"Sunnyvale, CA",94085
2727473008,"Software Engineer, Autopilot Data",Tesla,"Palo Alto, CA",94301
2755898967,Data Analytics & Engineering - Data Engineer III Data Engineer III,PRI Global,"Sunnyvale, CA",94085
2762536731,"Quote Analyst in San Jose, CA, USA",Bestronics,"San Jose, CA",95101
2753203483,Program Specialist,San Jose State University,"San Jose, CA",95101
2710930013,Associate Business Systems Analyst,Bio-Rad Laboratories,"Pleasanton, CA",94566
2743360643,Epic Business Intelligence Reporting and Analytics Developer/Analyst,"Omega Solutions, Inc.","Santa Clara, CA",95050
2560765597,"Analyst I/II, QC Analytical",Astellas Gene Therapies,San Francisco Bay Area,94101
2752300656,Teradata Data Engineer - Sunnyvale CA/Austin TX,Dice,"Sunnyvale, CA",94085
2745298949,Senior Systems Analyst,VisitorsCoverage Inc.,"Santa Clara, CA",95050
2732464902,Expert Specialist,ATR International,"Santa Clara, CA",95050
2725725079,ML & Data Science Engineer,eTeam,"San Jose, CA",95101
2487426625,Data Science Engineer,FinTech LLC,"San Jose, CA",95101
2743362570,Epic Business Intelligence Reporting and Analytics Developer/Analyst,"Omega Solutions, Inc.","Santa Clara, CA",95050
2756475109,Speech Recognition Engineer,Otter.ai,"Los Altos, CA",94022
2687468436,Participants - User Study,TransPerfect,San Francisco Bay Area,94101
2490119319,Business system analyst with experience in Appeals and Grievances areas (Medicare) & Provider area,E-Solutions,"San Jose, CA",95101
2739815863,"$500 Sign On Bonus ABA Behavior Technician-Pleasanton, CA",Butterfly Effects,"Pleasanton, CA",94566
2748435147,"Senior Analyst, Marketing Analytics","Ross Stores, Inc.","Dublin, CA",94568
2731547716,Principal Data Engineer,Shutterfly,"Redwood City, CA",94061
2687470359,Participants - User Study,TransPerfect,"San Jose, CA",95101
2753067845,Formal Methods Researcher,AVA Consulting,"Mountain View, CA",94040
2728805080,Cloud Data Engineer for GBI Channel Sales - 71253,"Pinnacle Group, Inc.","Sunnyvale, CA",94085
2742221782,Lead Data Engineer-2,U.S. Bank,"Cupertino, CA",95014
2720079260,Senior EPIC Professional Billing Analyst,Alameda Health System,"San Leandro, CA",94577
2522810721,Business Analyst (with SQL Experience),E-Solutions,"San Jose, CA",95101
2741141852,Business Systems Analyst,"Omega Solutions, Inc.","Santa Clara, CA",95050
2656350144,Software Engineer - Data Infrastructure,Plaid,San Francisco Bay Area,94101
2743426337,Azure Data Engineer,TechDigital Corporation,"Foster City, CA",95920
2729332420,Data Migration Consultants/ Developers (Heterogeneous Migrations),Resource Logistics Inc.,"San Jose, CA",95101
2752986281,IT Procurement and Planning Analyst,Dice,"Sunnyvale, CA",94085
2756057176,Senior Systems Analyst,Dice,"Santa Clara, CA",95050
